dataset,model,step,tau,bor,metric,estimate,ci_low,ci_high,n_dialogues,bootstrap_n,bootstrap_seed
dialseg711,texttiling,0,0.0,2.014201762977473,wf1,0.6565497999111453,0.647540191993207,0.6655929634024861,711,1000,42
dialseg711,texttiling,0,0.0,2.014201762977473,wf1_1to1,0.6390034250793744,0.6298040422618482,0.6478986668121689,711,1000,42
dialseg711,texttiling,0,0.0,2.014201762977473,coverage,0.6892893918474087,0.6809831928014943,0.6980970221858934,711,1000,42
dialseg711,texttiling,1,2.935169330194981e-05,1.8134182174338884,wf1,0.6647365921104599,0.6554493880370083,0.6751501329133885,711,1000,42
dialseg711,texttiling,1,2.935169330194981e-05,1.8134182174338884,wf1_1to1,0.6589499498782199,0.6484876820319858,0.6691556357379141,711,1000,42
dialseg711,texttiling,1,2.935169330194981e-05,1.8134182174338884,coverage,0.7256942151456919,0.7173991690691323,0.7338939300463562,711,1000,42
dialseg711,texttiling,2,0.002441988106648527,1.8050930460333008,wf1,0.6640689061884991,0.6546863186848942,0.673990749353295,711,1000,42
dialseg711,texttiling,2,0.002441988106648527,1.8050930460333008,wf1_1to1,0.6588469508300732,0.6484141089415351,0.6688806284745104,711,1000,42
dialseg711,texttiling,2,0.002441988106648527,1.8050930460333008,coverage,0.727004966825642,0.718659255823681,0.7351769385775185,711,1000,42
dialseg711,texttiling,3,0.004901258565073636,1.7972575905974535,wf1,0.6643263530704185,0.6544522999736572,0.6745824140198616,711,1000,42
dialseg711,texttiling,3,0.004901258565073636,1.7972575905974535,wf1_1to1,0.6593213553129164,0.6489872834229373,0.6693898773909321,711,1000,42
dialseg711,texttiling,3,0.004901258565073636,1.7972575905974535,coverage,0.7283366481151291,0.7199051790382224,0.7366135057267704,711,1000,42
dialseg711,texttiling,4,0.007494002730403134,1.787952987267385,wf1,0.6628797930485296,0.6530643490089533,0.6729739055867006,711,1000,42
dialseg711,texttiling,4,0.007494002730403134,1.787952987267385,wf1_1to1,0.6585937659777321,0.6482809710605069,0.6690501380163826,711,1000,42
dialseg711,texttiling,4,0.007494002730403134,1.787952987267385,coverage,0.7298134413640743,0.7215614030981911,0.7380981713873327,711,1000,42
dialseg711,texttiling,5,0.009175560881744092,1.7781586679725758,wf1,0.6624421926331366,0.6530250302019556,0.6724706951298658,711,1000,42
dialseg711,texttiling,5,0.009175560881744092,1.7781586679725758,wf1_1to1,0.6583780260995451,0.6476836731794537,0.6687979577852996,711,1000,42
dialseg711,texttiling,5,0.009175560881744092,1.7781586679725758,coverage,0.731884077400955,0.723900561537033,0.739950412656768,711,1000,42
dialseg711,texttiling,6,0.011044772426087666,1.770812928501469,wf1,0.6620807488036836,0.652346009232595,0.672317606392855,711,1000,42
dialseg711,texttiling,6,0.011044772426087666,1.770812928501469,wf1_1to1,0.65859457779289,0.6481654749376268,0.6689088517358559,711,1000,42
dialseg711,texttiling,6,0.011044772426087666,1.770812928501469,coverage,0.7329182791735533,0.724638619506763,0.7409335300092157,711,1000,42
dialseg711,texttiling,7,0.013523615335100268,1.7624877571008815,wf1,0.661392612302821,0.6517296389322419,0.6718458070525095,711,1000,42
dialseg711,texttiling,7,0.013523615335100268,1.7624877571008815,wf1_1to1,0.6578787597774939,0.6474410187015671,0.6681852096567286,711,1000,42
dialseg711,texttiling,7,0.013523615335100268,1.7624877571008815,coverage,0.7341952644167834,0.7260554041012903,0.7421263867598255,711,1000,42
dialseg711,texttiling,8,0.015899514133606765,1.753183153770813,wf1,0.6613810596453199,0.6520118527940074,0.6716844585562434,711,1000,42
dialseg711,texttiling,8,0.015899514133606765,1.753183153770813,wf1_1to1,0.657467169492486,0.6470918214852813,0.6676576900205592,711,1000,42
dialseg711,texttiling,8,0.015899514133606765,1.753183153770813,coverage,0.7360031640886072,0.7277549806518688,0.7440405159821036,711,1000,42
dialseg711,texttiling,9,0.018118254428532935,1.7458374142997062,wf1,0.6620498618131228,0.6525500887386627,0.6727022415797339,711,1000,42
dialseg711,texttiling,9,0.018118254428532935,1.7458374142997062,wf1_1to1,0.6579792219032725,0.6474364856115911,0.6684078448899123,711,1000,42
dialseg711,texttiling,9,0.018118254428532935,1.7458374142997062,coverage,0.7373528448422964,0.729012031417754,0.7457740774862346,711,1000,42
dialseg711,texttiling,10,0.020499287088911747,1.7404505386875613,wf1,0.6627233482549205,0.6532056426922279,0.6733832965743183,711,1000,42
dialseg711,texttiling,10,0.020499287088911747,1.7404505386875613,wf1_1to1,0.65869077788909,0.6481305393699908,0.668747209385395,711,1000,42
dialseg711,texttiling,10,0.020499287088911747,1.7404505386875613,coverage,0.7384143946380233,0.7302284688617758,0.746821115378605,711,1000,42
dialseg711,texttiling,11,0.022520742112368194,1.7306562193927522,wf1,0.6621725307520057,0.6524743384810793,0.6727163496942433,711,1000,42
dialseg711,texttiling,11,0.022520742112368194,1.7306562193927522,wf1_1to1,0.65809855873147,0.647587873526692,0.668386943381669,711,1000,42
dialseg711,texttiling,11,0.022520742112368194,1.7306562193927522,coverage,0.7400258350416579,0.7319108229050212,0.7482896807784729,711,1000,42
dialseg711,texttiling,12,0.02469305297238145,1.7213516160626836,wf1,0.6610487592829741,0.6511646042991099,0.671730844196816,711,1000,42
dialseg711,texttiling,12,0.02469305297238145,1.7213516160626836,wf1_1to1,0.6573065315681349,0.6466576754234982,0.6680355950503629,711,1000,42
dialseg711,texttiling,12,0.02469305297238145,1.7213516160626836,coverage,0.7418693150496949,0.7336036775626702,0.7498637872227006,711,1000,42
dialseg711,texttiling,13,0.02626736480836303,1.7115572967678747,wf1,0.6601137897222575,0.6503227426910106,0.6707957862763886,711,1000,42
dialseg711,texttiling,13,0.02626736480836303,1.7115572967678747,wf1_1to1,0.6568731237507609,0.6461242472951333,0.6677933109631421,711,1000,42
dialseg711,texttiling,13,0.02626736480836303,1.7115572967678747,coverage,0.7433519685893104,0.7353245227434311,0.7513778250289328,711,1000,42
dialseg711,texttiling,14,0.028101543909940296,1.6998041136141038,wf1,0.6595486414777845,0.6496694805310774,0.6704754161573059,711,1000,42
dialseg711,texttiling,14,0.028101543909940296,1.6998041136141038,wf1_1to1,0.6563210894434524,0.6457394619367193,0.6669000555234732,711,1000,42
dialseg711,texttiling,14,0.028101543909940296,1.6998041136141038,coverage,0.7452970269689679,0.7369351050818613,0.7531676250281207,711,1000,42
dialseg711,texttiling,15,0.03090530813638889,1.6885406464250734,wf1,0.6580210881037496,0.6479087166758587,0.6689815957226444,711,1000,42
dialseg711,texttiling,15,0.03090530813638889,1.6885406464250734,wf1_1to1,0.65505049724459,0.6443985844987955,0.665439623277176,711,1000,42
dialseg711,texttiling,15,0.03090530813638889,1.6885406464250734,coverage,0.7467902848440824,0.7383743724678588,0.7546120179486477,711,1000,42
dialseg711,texttiling,16,0.033044014069902254,1.6807051909892263,wf1,0.6563873638217256,0.6462093616017089,0.6671218275225954,711,1000,42
dialseg711,texttiling,16,0.033044014069902254,1.6807051909892263,wf1_1to1,0.653844951735247,0.6431777637895781,0.664296998126112,711,1000,42
dialseg711,texttiling,16,0.033044014069902254,1.6807051909892263,coverage,0.7478498812095858,0.7397663554262974,0.7555896247885963,711,1000,42
dialseg711,texttiling,17,0.034780186324862385,1.67384916748286,wf1,0.6568393110265621,0.6466575687159469,0.6681278663351665,711,1000,42
dialseg711,texttiling,17,0.034780186324862385,1.67384916748286,wf1_1to1,0.6548663166806626,0.6439310142896641,0.6654814723485609,711,1000,42
dialseg711,texttiling,17,0.034780186324862385,1.67384916748286,coverage,0.7493519295207058,0.7411089613865195,0.7573310783167059,711,1000,42
dialseg711,texttiling,18,0.03655398453599851,1.6650342801175317,wf1,0.6573445410676572,0.6470894099093166,0.6683574482474324,711,1000,42
dialseg711,texttiling,18,0.03655398453599851,1.6650342801175317,wf1_1to1,0.6556145058254762,0.6448928175668682,0.6662190901378664,711,1000,42
dialseg711,texttiling,18,0.03655398453599851,1.6650342801175317,coverage,0.7508916511289928,0.7425932334582123,0.7588788597517502,711,1000,42
dialseg711,texttiling,19,0.03849937448549512,1.657688540646425,wf1,0.6585520840695595,0.648248971758384,0.6695575425405694,711,1000,42
dialseg711,texttiling,19,0.03849937448549512,1.657688540646425,wf1_1to1,0.6571590856400982,0.6462491349094723,0.6678877356039803,711,1000,42
dialseg711,texttiling,19,0.03849937448549512,1.657688540646425,coverage,0.7524948592195427,0.7442376122861356,0.760503008575266,711,1000,42
dialseg711,texttiling,20,0.04039256364556413,1.6493633692458374,wf1,0.6586749405437372,0.6488295090552009,0.6693778446865924,711,1000,42
dialseg711,texttiling,20,0.04039256364556413,1.6493633692458374,wf1_1to1,0.6579705963672208,0.6468324190265119,0.6686519555612382,711,1000,42
dialseg711,texttiling,20,0.04039256364556413,1.6493633692458374,coverage,0.7541650420606116,0.7459273202818824,0.7622682305778298,711,1000,42
dialseg711,texttiling,21,0.04188684235565634,1.6410381978452497,wf1,0.658146854783584,0.6477713163106092,0.6684966343958819,711,1000,42
dialseg711,texttiling,21,0.04188684235565634,1.6410381978452497,wf1_1to1,0.6578363424354986,0.6471729294303135,0.668502480095307,711,1000,42
dialseg711,texttiling,21,0.04188684235565634,1.6410381978452497,coverage,0.755618394146875,0.7474425561497028,0.763707040366455,711,1000,42
dialseg711,texttiling,22,0.04373504154047181,1.6317335945151812,wf1,0.657122284362141,0.6463735810233512,0.6679517284661453,711,1000,42
dialseg711,texttiling,22,0.04373504154047181,1.6317335945151812,wf1_1to1,0.6571395005994163,0.6459576474080693,0.6681111598200205,711,1000,42
dialseg711,texttiling,22,0.04373504154047181,1.6317335945151812,coverage,0.7570056340362248,0.7488881858442776,0.7649298635367991,711,1000,42
dialseg711,texttiling,23,0.04573210220241069,1.6219392752203723,wf1,0.655104346878958,0.6441811439160553,0.6661592326090281,711,1000,42
dialseg711,texttiling,23,0.04573210220241069,1.6219392752203723,wf1_1to1,0.6550484677066956,0.6433966650633318,0.6659728841638124,711,1000,42
dialseg711,texttiling,23,0.04573210220241069,1.6219392752203723,coverage,0.7586201441159246,0.750428827086923,0.7666426883106734,711,1000,42
dialseg711,texttiling,24,0.04815839193574156,1.6145935357492653,wf1,0.6539787114395971,0.6430043042406127,0.6652733918762248,711,1000,42
dialseg711,texttiling,24,0.04815839193574156,1.6145935357492653,wf1_1to1,0.6539835691734426,0.642570660703572,0.6653952601157241,711,1000,42
dialseg711,texttiling,24,0.04815839193574156,1.6145935357492653,coverage,0.7598164805970714,0.7514915099356028,0.7679723996555483,711,1000,42
dialseg711,texttiling,25,0.04975935929085142,1.6043095004897159,wf1,0.6527905196403151,0.6420079678422546,0.6637257560665198,711,1000,42
dialseg711,texttiling,25,0.04975935929085142,1.6043095004897159,wf1_1to1,0.6524801889780791,0.6410232978851121,0.6638088261558724,711,1000,42
dialseg711,texttiling,25,0.04975935929085142,1.6043095004897159,coverage,0.7612270094337606,0.753084866449186,0.7691162662642093,711,1000,42
dialseg711,texttiling,26,0.051905380421547485,1.593535749265426,wf1,0.6524346570400721,0.6412908992242715,0.6636020261424822,711,1000,42
dialseg711,texttiling,26,0.051905380421547485,1.593535749265426,wf1_1to1,0.6524497459096614,0.6409337092037513,0.6639609324102995,711,1000,42
dialseg711,texttiling,26,0.051905380421547485,1.593535749265426,coverage,0.7632150432783344,0.7549466361551014,0.7709806330712184,711,1000,42
dialseg711,texttiling,27,0.05369307244917256,1.5842311459353575,wf1,0.6507156384434163,0.639269516841462,0.6622034637166686,711,1000,42
dialseg711,texttiling,27,0.05369307244917256,1.5842311459353575,wf1_1to1,0.6510923909658087,0.639479867296323,0.6627408325773305,711,1000,42
dialseg711,texttiling,27,0.05369307244917256,1.5842311459353575,coverage,0.7645001213039188,0.7564407333856173,0.7725144534809618,711,1000,42
dialseg711,texttiling,28,0.05559761919567934,1.5744368266405484,wf1,0.650536367317723,0.6387584385271806,0.6623349002544068,711,1000,42
dialseg711,texttiling,28,0.05559761919567934,1.5744368266405484,wf1_1to1,0.6508356544221522,0.6391103292316372,0.6625852833289542,711,1000,42
dialseg711,texttiling,28,0.05559761919567934,1.5744368266405484,coverage,0.7661903965701433,0.7580732501987777,0.7742677306772772,711,1000,42
dialseg711,texttiling,29,0.057410831652095026,1.5612144955925564,wf1,0.6488006516262075,0.6366690872511763,0.6609455494739884,711,1000,42
dialseg711,texttiling,29,0.057410831652095026,1.5612144955925564,wf1_1to1,0.6488889216737318,0.6369268737201227,0.6606804355591275,711,1000,42
dialseg711,texttiling,29,0.057410831652095026,1.5612144955925564,coverage,0.7681180136085201,0.7598974106160288,0.7762282667715157,711,1000,42
dialseg711,texttiling,30,0.05947677963343099,1.5475024485798237,wf1,0.6469132646092933,0.6346544970319835,0.6588204258185049,711,1000,42
dialseg711,texttiling,30,0.05947677963343099,1.5475024485798237,wf1_1to1,0.6470286472396176,0.6352089153618689,0.6592592943858766,711,1000,42
dialseg711,texttiling,30,0.05947677963343099,1.5475024485798237,coverage,0.7704643623683709,0.7625388745299082,0.778661512099012,711,1000,42
dialseg711,texttiling,31,0.06135133328150269,1.5377081292850148,wf1,0.6471336879398001,0.6348532160073069,0.6593261334245168,711,1000,42
dialseg711,texttiling,31,0.06135133328150269,1.5377081292850148,wf1_1to1,0.6473637317519174,0.635064272928197,0.6589765598520873,711,1000,42
dialseg711,texttiling,31,0.06135133328150269,1.5377081292850148,coverage,0.7719548296288802,0.7640129148521818,0.7799135790565116,711,1000,42
dialseg711,texttiling,32,0.0637422082711704,1.5288932419196866,wf1,0.64625349881139,0.6337572676770984,0.6580660624290521,711,1000,42
dialseg711,texttiling,32,0.0637422082711704,1.5288932419196866,wf1_1to1,0.646427404444282,0.6338428107679162,0.6582295123223393,711,1000,42
dialseg711,texttiling,32,0.0637422082711704,1.5288932419196866,coverage,0.773317207679022,0.7653297986393978,0.781268585493269,711,1000,42
dialseg711,texttiling,33,0.06610650902417438,1.5200783545543586,wf1,0.645279672806539,0.6327317911731307,0.6575449961123634,711,1000,42
dialseg711,texttiling,33,0.06610650902417438,1.5200783545543586,wf1_1to1,0.6452665087686185,0.6329520465860129,0.6572077668385685,711,1000,42
dialseg711,texttiling,33,0.06610650902417438,1.5200783545543586,coverage,0.77469437598657,0.7667074730629583,0.7826951961979651,711,1000,42
dialseg711,texttiling,34,0.06802375210289979,1.5102840352595495,wf1,0.6453455236019687,0.6330588810602765,0.6573617303519717,711,1000,42
dialseg711,texttiling,34,0.06802375210289979,1.5102840352595495,wf1_1to1,0.6452687412603024,0.6329328496944531,0.6574021711996395,711,1000,42
dialseg711,texttiling,34,0.06802375210289979,1.5102840352595495,coverage,0.7769388673133399,0.7692618068903669,0.7850425146963912,711,1000,42
dialseg711,texttiling,35,0.07047133701830058,1.500979431929481,wf1,0.6450675783873147,0.6329000039046407,0.6573261035946788,711,1000,42
dialseg711,texttiling,35,0.07047133701830058,1.500979431929481,wf1_1to1,0.64487359023224,0.6321951963882344,0.6571529946846402,711,1000,42
dialseg711,texttiling,35,0.07047133701830058,1.500979431929481,coverage,0.7785055183525649,0.7706644551436217,0.7865096337090008,711,1000,42
dialseg711,texttiling,36,0.0723593105473111,1.4872673849167484,wf1,0.6417631862643571,0.6292092953456564,0.6540460279050613,711,1000,42
dialseg711,texttiling,36,0.0723593105473111,1.4872673849167484,wf1_1to1,0.6415926392719641,0.6284843690065209,0.653662331573724,711,1000,42
dialseg711,texttiling,36,0.0723593105473111,1.4872673849167484,coverage,0.7801062148899701,0.7723012314982252,0.7883258085044741,711,1000,42
dialseg711,texttiling,37,0.07445774845142464,1.4740450538687562,wf1,0.6399259254076191,0.6270863796428089,0.6519200309671633,711,1000,42
dialseg711,texttiling,37,0.07445774845142464,1.4740450538687562,wf1_1to1,0.6397843210079497,0.6268168727662399,0.6517206193946701,711,1000,42
dialseg711,texttiling,37,0.07445774845142464,1.4740450538687562,coverage,0.7822270819897402,0.7744021190170981,0.7902510709373843,711,1000,42
dialseg711,texttiling,38,0.07593264217352744,1.4627815866797258,wf1,0.6391920922587946,0.6260162654566357,0.6514932881988771,711,1000,42
dialseg711,texttiling,38,0.07593264217352744,1.4627815866797258,wf1_1to1,0.6392630341997431,0.6262859532638013,0.6516226688220358,711,1000,42
dialseg711,texttiling,38,0.07593264217352744,1.4627815866797258,coverage,0.7837164330044077,0.7757745987749944,0.7917034558219949,711,1000,42
dialseg711,texttiling,39,0.07821345284356548,1.4495592556317336,wf1,0.6390699526248319,0.6260401130061473,0.6512569448296717,711,1000,42
dialseg711,texttiling,39,0.07821345284356548,1.4495592556317336,wf1_1to1,0.638946223334409,0.6257871588093107,0.6513435921400056,711,1000,42
dialseg711,texttiling,39,0.07821345284356548,1.4495592556317336,coverage,0.785921158073057,0.7781090763237387,0.7936687179342771,711,1000,42
dialseg711,texttiling,40,0.0808507666815466,1.4407443682664054,wf1,0.6374612317034959,0.6245573449618811,0.6499991998294937,711,1000,42
dialseg711,texttiling,40,0.0808507666815466,1.4407443682664054,wf1_1to1,0.6371401375620784,0.6243000935616969,0.6494109545322625,711,1000,42
dialseg711,texttiling,40,0.0808507666815466,1.4407443682664054,coverage,0.7872347003676118,0.7794526681466292,0.7949646352290076,711,1000,42
dialseg711,texttiling,41,0.08270044197988272,1.4309500489715965,wf1,0.636579638456682,0.6237944293884305,0.6491081699214937,711,1000,42
dialseg711,texttiling,41,0.08270044197988272,1.4309500489715965,wf1_1to1,0.6363109698552737,0.623287546958433,0.6484575917909251,711,1000,42
dialseg711,texttiling,41,0.08270044197988272,1.4309500489715965,coverage,0.7890522276598227,0.781310890893565,0.7969036944458885,711,1000,42
dialseg711,texttiling,42,0.08458042294535807,1.4201762977473065,wf1,0.6352747574350108,0.6227499135423413,0.6473960908997125,711,1000,42
dialseg711,texttiling,42,0.08458042294535807,1.4201762977473065,wf1_1to1,0.6344434905616341,0.6217635491949838,0.6466748583889933,711,1000,42
dialseg711,texttiling,42,0.08458042294535807,1.4201762977473065,coverage,0.7910087275593606,0.7831723129191482,0.7988697069017481,711,1000,42
dialseg711,texttiling,43,0.08633285004589426,1.4079333986287954,wf1,0.6324788123084627,0.6197611189916514,0.6446404724248457,711,1000,42
dialseg711,texttiling,43,0.08633285004589426,1.4079333986287954,wf1_1to1,0.6312264700450355,0.6181898373934238,0.643895208362508,711,1000,42
dialseg711,texttiling,43,0.08633285004589426,1.4079333986287954,coverage,0.7925910060403732,0.7847185934231029,0.8002435680138739,711,1000,42
dialseg711,texttiling,44,0.08853964859516777,1.397649363369246,wf1,0.6316586066137289,0.619053212534238,0.6437589619680872,711,1000,42
dialseg711,texttiling,44,0.08853964859516777,1.397649363369246,wf1_1to1,0.6302218487872496,0.6175630019300905,0.6431432671095118,711,1000,42
dialseg711,texttiling,44,0.08853964859516777,1.397649363369246,coverage,0.7942447242552728,0.7864012096963046,0.8019794070400609,711,1000,42
dialseg711,texttiling,45,0.09032250581374719,1.3844270323212537,wf1,0.6289396824502775,0.6166251484575727,0.6417585032304509,711,1000,42
dialseg711,texttiling,45,0.09032250581374719,1.3844270323212537,wf1_1to1,0.6272091012597342,0.6140823368302271,0.639767115600449,711,1000,42
dialseg711,texttiling,45,0.09032250581374719,1.3844270323212537,coverage,0.7968663671459031,0.7891914289316715,0.8044693570220997,711,1000,42
dialseg711,texttiling,46,0.09243164559704575,1.3731635651322234,wf1,0.6288857982191781,0.6160654298060014,0.6415995957947999,711,1000,42
dialseg711,texttiling,46,0.09243164559704575,1.3731635651322234,wf1_1to1,0.6271552170286347,0.613973802217473,0.6402177338991685,711,1000,42
dialseg711,texttiling,46,0.09243164559704575,1.3731635651322234,coverage,0.7990673248848353,0.791399701861859,0.806652264875498,711,1000,42
dialseg711,texttiling,47,0.09456452929494369,1.3633692458374143,wf1,0.6266307569868538,0.6137858325916111,0.6394502829552828,711,1000,42
dialseg711,texttiling,47,0.09456452929494369,1.3633692458374143,wf1_1to1,0.6256214952417484,0.6126389294796467,0.638804970033873,711,1000,42
dialseg711,texttiling,47,0.09456452929494369,1.3633692458374143,coverage,0.8005354799131171,0.7928353906017408,0.8081543448249674,711,1000,42
dialseg711,texttiling,48,0.09644464496991142,1.3496571988246817,wf1,0.6249488252106058,0.6124695945791824,0.6375926148770088,711,1000,42
dialseg711,texttiling,48,0.09644464496991142,1.3496571988246817,wf1_1to1,0.6242418153810558,0.6115355889617493,0.6372004478175365,711,1000,42
dialseg711,texttiling,48,0.09644464496991142,1.3496571988246817,coverage,0.8028257373194082,0.7953713090316467,0.810228968976991,711,1000,42
dialseg711,texttiling,49,0.09850055862910785,1.3418217433888344,wf1,0.6225310367168679,0.6101413610083877,0.6350877582842097,711,1000,42
dialseg711,texttiling,49,0.09850055862910785,1.3418217433888344,wf1_1to1,0.6214556657594632,0.608940297083757,0.6348555856941932,711,1000,42
dialseg711,texttiling,49,0.09850055862910785,1.3418217433888344,coverage,0.8039165885684874,0.7961578918863993,0.8113494530405132,711,1000,42
dialseg711,texttiling,50,0.10087763409518716,1.3330068560235064,wf1,0.6220673350618037,0.6097436205094703,0.6346735029244617,711,1000,42
dialseg711,texttiling,50,0.10087763409518716,1.3330068560235064,wf1_1to1,0.6207792207792208,0.6080189705980845,0.6342665478372229,711,1000,42
dialseg711,texttiling,50,0.10087763409518716,1.3330068560235064,coverage,0.8054205903098308,0.7978863415163522,0.8128142067145232,711,1000,42
dialseg711,texttiling,51,0.10303581045500604,1.3202742409402546,wf1,0.621213225716623,0.6084500349469951,0.6338430547429447,711,1000,42
dialseg711,texttiling,51,0.10303581045500604,1.3202742409402546,wf1_1to1,0.6203037000505355,0.6077118101854388,0.6339693321602604,711,1000,42
dialseg711,texttiling,51,0.10303581045500604,1.3202742409402546,coverage,0.8075841791822805,0.799991693433149,0.8151329455140108,711,1000,42
dialseg711,texttiling,52,0.10554734194398525,1.3055827619980411,wf1,0.6205566713688098,0.6073813708474751,0.6332560915452516,711,1000,42
dialseg711,texttiling,52,0.10554734194398525,1.3055827619980411,wf1_1to1,0.6197958081924326,0.6064500058856599,0.6331768508878214,711,1000,42
dialseg711,texttiling,52,0.10554734194398525,1.3055827619980411,coverage,0.8103506549709082,0.802764303500063,0.8178040650502413,711,1000,42
dialseg711,texttiling,53,0.10765388413290286,1.2933398628795298,wf1,0.6182634427787332,0.6040796279378726,0.6315834716737219,711,1000,42
dialseg711,texttiling,53,0.10765388413290286,1.2933398628795298,wf1_1to1,0.6178033093644908,0.6045322447906836,0.6314770164981135,711,1000,42
dialseg711,texttiling,53,0.10765388413290286,1.2933398628795298,coverage,0.8127310492289395,0.80537109902814,0.82004651825261,711,1000,42
dialseg711,texttiling,54,0.10970764191605936,1.2776689520078355,wf1,0.6152688275700385,0.6016211934991507,0.628867852091814,711,1000,42
dialseg711,texttiling,54,0.10970764191605936,1.2776689520078355,wf1_1to1,0.6145454951362125,0.6011240062875084,0.6280706223374999,711,1000,42
dialseg711,texttiling,54,0.10970764191605936,1.2776689520078355,coverage,0.8152491603177259,0.8075445144010546,0.8226053494579338,711,1000,42
dialseg711,texttiling,55,0.112140047041016,1.2678746327130264,wf1,0.6119102788306325,0.5972556862289164,0.6257427197610735,711,1000,42
dialseg711,texttiling,55,0.112140047041016,1.2678746327130264,wf1_1to1,0.6110203907672261,0.5968747653346809,0.6251760624123492,711,1000,42
dialseg711,texttiling,55,0.112140047041016,1.2678746327130264,coverage,0.8170217587147965,0.8098010646711858,0.8246403709345429,711,1000,42
dialseg711,texttiling,56,0.11444735601918783,1.2541625857002938,wf1,0.6082445274855564,0.5942302844990366,0.6225813329058225,711,1000,42
dialseg711,texttiling,56,0.11444735601918783,1.2541625857002938,wf1_1to1,0.6074952863982399,0.5931272033170768,0.6211751836224411,711,1000,42
dialseg711,texttiling,56,0.11444735601918783,1.2541625857002938,coverage,0.8187505444625698,0.8112802660692954,0.8264864839508826,711,1000,42
dialseg711,texttiling,57,0.11672402791042424,1.243388834476004,wf1,0.6071416765936758,0.5925622958723931,0.6214623851105314,711,1000,42
dialseg711,texttiling,57,0.11672402791042424,1.243388834476004,wf1_1to1,0.6062674159720574,0.591482201967434,0.6206325283171275,711,1000,42
dialseg711,texttiling,57,0.11672402791042424,1.243388834476004,coverage,0.8208446216621322,0.8136706193331984,0.8282876988566599,711,1000,42
dialseg711,texttiling,58,0.11895530161695862,1.2301665034280118,wf1,0.6046817057570674,0.5897496850713269,0.6194351847023302,711,1000,42
dialseg711,texttiling,58,0.11895530161695862,1.2301665034280118,wf1_1to1,0.6041409676430773,0.5890361572323597,0.6185609282497468,711,1000,42
dialseg711,texttiling,58,0.11895530161695862,1.2301665034280118,coverage,0.8227162868776793,0.8157594000730868,0.8302195782173366,711,1000,42
dialseg711,texttiling,59,0.12199524733888437,1.2189030362389814,wf1,0.6026251593000558,0.5882956525432129,0.6168872507627716,711,1000,42
dialseg711,texttiling,59,0.12199524733888437,1.2189030362389814,wf1_1to1,0.602677569344236,0.5876836401994628,0.6169696690635508,711,1000,42
dialseg711,texttiling,59,0.12199524733888437,1.2189030362389814,coverage,0.8244835831070009,0.8175469974138222,0.8318303253825405,711,1000,42
dialseg711,texttiling,60,0.12490078237787565,1.2037218413320274,wf1,0.6026881390654562,0.5880993714675085,0.6170437680528731,711,1000,42
dialseg711,texttiling,60,0.12490078237787565,1.2037218413320274,wf1_1to1,0.6027456603405971,0.5879948190971397,0.6171479183029815,711,1000,42
dialseg711,texttiling,60,0.12490078237787565,1.2037218413320274,coverage,0.826850539482396,0.8195767709737911,0.8345736971508332,711,1000,42
dialseg711,texttiling,61,0.12731656147607012,1.1895200783545543,wf1,0.6006081237988071,0.5858436783287863,0.6153754803289426,711,1000,42
dialseg711,texttiling,61,0.12731656147607012,1.1895200783545543,wf1_1to1,0.6008435774258559,0.5861867824315081,0.6157245450283425,711,1000,42
dialseg711,texttiling,61,0.12731656147607012,1.1895200783545543,coverage,0.8296838504908127,0.8224399196775252,0.8370579403503982,711,1000,42
dialseg711,texttiling,62,0.12949409287179536,1.178256611165524,wf1,0.597787370556113,0.5824242963210645,0.6128530003252476,711,1000,42
dialseg711,texttiling,62,0.12949409287179536,1.178256611165524,wf1_1to1,0.5982181672055089,0.5827859593524151,0.6130631815441943,711,1000,42
dialseg711,texttiling,62,0.12949409287179536,1.178256611165524,coverage,0.831289570134507,0.8240084377208586,0.8384795769309218,711,1000,42
dialseg711,texttiling,63,0.13160090695074453,1.1660137120470127,wf1,0.5931053758641902,0.5779267491266028,0.6082730139035085,711,1000,42
dialseg711,texttiling,63,0.13160090695074453,1.1660137120470127,wf1_1to1,0.5939172719763437,0.5784315731151175,0.6089471594587629,711,1000,42
dialseg711,texttiling,63,0.13160090695074453,1.1660137120470127,coverage,0.8328860807500047,0.8256029227502064,0.8402781009182645,711,1000,42
dialseg711,texttiling,64,0.1342547025213291,1.15230166503428,wf1,0.5887138781048723,0.5720092446519274,0.6040192565575089,711,1000,42
dialseg711,texttiling,64,0.1342547025213291,1.15230166503428,wf1_1to1,0.5895304258173456,0.5728354014324478,0.605089604098043,711,1000,42
dialseg711,texttiling,64,0.1342547025213291,1.15230166503428,coverage,0.8351001543775806,0.8278874727397935,0.8425070342514962,711,1000,42
dialseg711,texttiling,65,0.1373125943706264,1.1400587659157688,wf1,0.583830537545316,0.5669126699017752,0.5993932428644124,711,1000,42
dialseg711,texttiling,65,0.1373125943706264,1.1400587659157688,wf1_1to1,0.5844090898943219,0.5672251574414021,0.5997745487829875,711,1000,42
dialseg711,texttiling,65,0.1373125943706264,1.1400587659157688,coverage,0.83719813843759,0.8300533476964119,0.8445924358107901,711,1000,42
dialseg711,texttiling,66,0.1400800280684802,1.1278158667972575,wf1,0.5811135951659263,0.5634799231837743,0.5971264944840502,711,1000,42
dialseg711,texttiling,66,0.1400800280684802,1.1278158667972575,wf1_1to1,0.5816843337940384,0.56351012130548,0.598072083604784,711,1000,42
dialseg711,texttiling,66,0.1400800280684802,1.1278158667972575,coverage,0.8390728733292026,0.831815695024424,0.8464389452700369,711,1000,42
dialseg711,texttiling,67,0.14301688886767058,1.115083251714006,wf1,0.5790306804247837,0.5616200138365329,0.5957440731172622,711,1000,42
dialseg711,texttiling,67,0.14301688886767058,1.115083251714006,wf1_1to1,0.5793670074260792,0.5615752334475963,0.5959655780225401,711,1000,42
dialseg711,texttiling,67,0.14301688886767058,1.115083251714006,coverage,0.8416458199949762,0.8343931491670151,0.8490999607079511,711,1000,42
dialseg711,texttiling,68,0.14544207628947406,1.102350636630754,wf1,0.5778479134936921,0.5601153263890588,0.5939323942825105,711,1000,42
dialseg711,texttiling,68,0.14544207628947406,1.102350636630754,wf1_1to1,0.5782527911219894,0.5607954976731349,0.5945835083809767,711,1000,42
dialseg711,texttiling,68,0.14544207628947406,1.102350636630754,coverage,0.843970262430178,0.8367997060468051,0.8513292966312479,711,1000,42
dialseg711,texttiling,69,0.14782998175477263,1.089128305582762,wf1,0.5755658473620355,0.5579941264702077,0.5919928722459976,711,1000,42
dialseg711,texttiling,69,0.14782998175477263,1.089128305582762,wf1_1to1,0.5763473594697223,0.5586717460926321,0.5930816909297922,711,1000,42
dialseg711,texttiling,69,0.14782998175477263,1.089128305582762,coverage,0.8456617934729751,0.8383850421535021,0.8530568885618991,711,1000,42
dialseg711,texttiling,70,0.1511251429217542,1.0768854064642508,wf1,0.5736302770720348,0.5557024071356673,0.5898282805383464,711,1000,42
dialseg711,texttiling,70,0.1511251429217542,1.0768854064642508,wf1_1to1,0.5745211812722361,0.5563665436766703,0.5909587765336711,711,1000,42
dialseg711,texttiling,70,0.1511251429217542,1.0768854064642508,coverage,0.8478030320593611,0.840750114668891,0.8552405116566508,711,1000,42
dialseg711,texttiling,71,0.15415658041759953,1.0646425073457395,wf1,0.5722852008324438,0.5543941315057237,0.589087599039667,711,1000,42
dialseg711,texttiling,71,0.15415658041759953,1.0646425073457395,wf1_1to1,0.573176105032645,0.5549847784657912,0.5900236796333842,711,1000,42
dialseg711,texttiling,71,0.15415658041759953,1.0646425073457395,coverage,0.8502646585716205,0.8429715182701732,0.8575414979027847,711,1000,42
dialseg711,texttiling,72,0.15700710149266614,1.0533790401567091,wf1,0.5717360078781876,0.5528968657271848,0.5894308638689574,711,1000,42
dialseg711,texttiling,72,0.15700710149266614,1.0533790401567091,wf1_1to1,0.5726269120783888,0.5541237825309555,0.5902392825177635,711,1000,42
dialseg711,texttiling,72,0.15700710149266614,1.0533790401567091,coverage,0.8524247338065903,0.8453116485454302,0.8595768676695628,711,1000,42
dialseg711,texttiling,73,0.15933955262354282,1.0396669931439766,wf1,0.5708860851617968,0.551970886518639,0.5885944487416609,711,1000,42
dialseg711,texttiling,73,0.15933955262354282,1.0396669931439766,wf1_1to1,0.5718767948725756,0.5529295390107626,0.5901032375188493,711,1000,42
dialseg711,texttiling,73,0.15933955262354282,1.0396669931439766,coverage,0.854930705721845,0.8478336833017741,0.861959960261648,711,1000,42
dialseg711,texttiling,74,0.16183722730557523,1.023016650342801,wf1,0.5667814462470312,0.547859187487762,0.5845657255866201,711,1000,42
dialseg711,texttiling,74,0.16183722730557523,1.023016650342801,wf1_1to1,0.5674240902089004,0.5482200293065272,0.5856027930500504,711,1000,42
dialseg711,texttiling,74,0.16183722730557523,1.023016650342801,coverage,0.857200033518599,0.8501394411573736,0.8642674416388816,711,1000,42
dialseg711,texttiling,75,0.16468903691924394,1.0097943192948091,wf1,0.5636383329551283,0.5449339312056651,0.5814089956386236,711,1000,42
dialseg711,texttiling,75,0.16468903691924394,1.0097943192948091,wf1_1to1,0.5646491030457276,0.5455318429421804,0.5826319275739107,711,1000,42
dialseg711,texttiling,75,0.16468903691924394,1.0097943192948091,coverage,0.8590954443275118,0.8520187432898403,0.8660686067331639,711,1000,42
dialseg711,texttiling,76,0.16721746744822014,0.9970617042115573,wf1,0.5604270906523,0.5411221298399193,0.5788435681446713,711,1000,42
dialseg711,texttiling,76,0.16721746744822014,0.9970617042115573,wf1_1to1,0.5618250010655075,0.5423829768450023,0.5801813011570396,711,1000,42
dialseg711,texttiling,76,0.16721746744822014,0.9970617042115573,coverage,0.8611638478727086,0.8539838176698673,0.8683365263916425,711,1000,42
dialseg711,texttiling,77,0.1694676097313963,0.9794319294809011,wf1,0.5586763955559921,0.5387085301657025,0.5775288368648677,711,1000,42
dialseg711,texttiling,77,0.1694676097313963,0.9794319294809011,wf1_1to1,0.5596405079527442,0.5398950678170087,0.5783355531404054,711,1000,42
dialseg711,texttiling,77,0.1694676097313963,0.9794319294809011,coverage,0.8646818361744522,0.8577570780768302,0.8716024711389952,711,1000,42
dialseg711,texttiling,78,0.1721882534087004,0.965230166503428,wf1,0.5544438957538721,0.5341914477661299,0.5737763597107955,711,1000,42
dialseg711,texttiling,78,0.1721882534087004,0.965230166503428,wf1_1to1,0.5556491172524928,0.5355692397148093,0.574398477948056,711,1000,42
dialseg711,texttiling,78,0.1721882534087004,0.965230166503428,coverage,0.867207621453402,0.8603522427915887,0.8740299646048593,711,1000,42
dialseg711,texttiling,79,0.17503676267724536,0.9485798237022527,wf1,0.5492432720300416,0.5291705595072795,0.5681606996540342,711,1000,42
dialseg711,texttiling,79,0.17503676267724536,0.9485798237022527,wf1_1to1,0.5500393730351536,0.5295559447194468,0.5694669621673841,711,1000,42
dialseg711,texttiling,79,0.17503676267724536,0.9485798237022527,coverage,0.8693304419833955,0.8623304448179184,0.8763779278230756,711,1000,42
dialseg711,texttiling,80,0.17818833625496333,0.9294809010773751,wf1,0.5448392225527731,0.5254571056097816,0.5637860591155126,711,1000,42
dialseg711,texttiling,80,0.17818833625496333,0.9294809010773751,wf1_1to1,0.5454225802327068,0.5258310957678046,0.5648236788215691,711,1000,42
dialseg711,texttiling,80,0.17818833625496333,0.9294809010773751,coverage,0.871793019841543,0.8647204026146538,0.8787610823990045,711,1000,42
dialseg711,texttiling,81,0.1811278880241528,0.9147894221351616,wf1,0.5413130019379447,0.5220528548343992,0.5606799746089729,711,1000,42
dialseg711,texttiling,81,0.1811278880241528,0.9147894221351616,wf1_1to1,0.5418963596178786,0.5220543997337247,0.561658406447436,711,1000,42
dialseg711,texttiling,81,0.1811278880241528,0.9147894221351616,coverage,0.8744834513821856,0.8674120447551356,0.8814584470557574,711,1000,42
dialseg711,texttiling,82,0.1840202634658047,0.9000979431929481,wf1,0.5343746527832953,0.5145928315392627,0.5536892078628143,711,1000,42
dialseg711,texttiling,82,0.1840202634658047,0.9000979431929481,wf1_1to1,0.5351754434032915,0.515705921481238,0.5549099722359216,711,1000,42
dialseg711,texttiling,82,0.1840202634658047,0.9000979431929481,coverage,0.8761011706686813,0.8690726023419852,0.8828870842735557,711,1000,42
dialseg711,texttiling,83,0.1867428327625122,0.8839373163565132,wf1,0.5323944326596154,0.5127909013557307,0.5522669990591049,711,1000,42
dialseg711,texttiling,83,0.1867428327625122,0.8839373163565132,wf1_1to1,0.5325701256081004,0.5132006066288767,0.5518970877145982,711,1000,42
dialseg711,texttiling,83,0.1867428327625122,0.8839373163565132,coverage,0.8787820497208683,0.8717770035920088,0.8856879739995509,711,1000,42
dialseg711,texttiling,84,0.190457235254235,0.8687561214495593,wf1,0.526030490482947,0.5067755688582654,0.5459282588341811,711,1000,42
dialseg711,texttiling,84,0.190457235254235,0.8687561214495593,wf1_1to1,0.5263191488929886,0.5064933847212328,0.5461861456639937,711,1000,42
dialseg711,texttiling,84,0.190457235254235,0.8687561214495593,coverage,0.8810665863672192,0.8740710679674288,0.888023283805193,711,1000,42
dialseg711,texttiling,85,0.19331527969345977,0.8550440744368266,wf1,0.521849033558874,0.5017503967133953,0.542550234149609,711,1000,42
dialseg711,texttiling,85,0.19331527969345977,0.8550440744368266,wf1_1to1,0.5218251431331601,0.501570573121206,0.5425139429253353,711,1000,42
dialseg711,texttiling,85,0.19331527969345977,0.8550440744368266,coverage,0.884134588063913,0.8771007811632812,0.8906610349087934,711,1000,42
dialseg711,texttiling,86,0.19634448583401626,0.8379040156709109,wf1,0.5150399339227703,0.49464056141661594,0.534680685270831,711,1000,42
dialseg711,texttiling,86,0.19634448583401626,0.8379040156709109,wf1_1to1,0.5152113865194035,0.49487871481542367,0.534626732464285,711,1000,42
dialseg711,texttiling,86,0.19634448583401626,0.8379040156709109,coverage,0.8870147813976927,0.8799052712943798,0.8937155276402377,711,1000,42
dialseg711,texttiling,87,0.19977565416738613,0.8212536728697356,wf1,0.5104789534124227,0.4900185704602367,0.5307150457699439,711,1000,42
dialseg711,texttiling,87,0.19977565416738613,0.8212536728697356,wf1_1to1,0.5106504060090559,0.49003173689882557,0.5309520892063087,711,1000,42
dialseg711,texttiling,87,0.19977565416738613,0.8212536728697356,coverage,0.889262900523449,0.8823398333089789,0.8959295587987572,711,1000,42
dialseg711,texttiling,88,0.2039882857446096,0.806562193927522,wf1,0.5051042296832685,0.4848383312290544,0.5248898710454242,711,1000,42
dialseg711,texttiling,88,0.2039882857446096,0.806562193927522,wf1_1to1,0.5048537413516316,0.48434080862878337,0.5254205709901912,711,1000,42
dialseg711,texttiling,88,0.2039882857446096,0.806562193927522,coverage,0.8913995345957371,0.8847962787671385,0.8980218483950023,711,1000,42
dialseg711,texttiling,89,0.2066686138435824,0.7908912830558276,wf1,0.496487623598308,0.47447624449143044,0.5165438209606639,711,1000,42
dialseg711,texttiling,89,0.2066686138435824,0.7908912830558276,wf1_1to1,0.49581519433840104,0.47361141807871765,0.516587050431987,711,1000,42
dialseg711,texttiling,89,0.2066686138435824,0.7908912830558276,coverage,0.8936187962295556,0.886914113000611,0.9003780952745879,711,1000,42
dialseg711,texttiling,90,0.21007808114416038,0.7752203721841332,wf1,0.4914142862464896,0.4696494804895087,0.5125259312894354,711,1000,42
dialseg711,texttiling,90,0.21007808114416038,0.7752203721841332,wf1_1to1,0.49074185698658274,0.4690545676779854,0.5121955718527448,711,1000,42
dialseg711,texttiling,90,0.21007808114416038,0.7752203721841332,coverage,0.8956586213442751,0.8892273175039526,0.9023684854565658,711,1000,42
dialseg711,texttiling,91,0.21358121609567993,0.7571008814887366,wf1,0.4844692396167883,0.4629646344806337,0.5058477251289886,711,1000,42
dialseg711,texttiling,91,0.21358121609567993,0.7571008814887366,wf1_1to1,0.48399526711763,0.46273223494742477,0.5046623635389458,711,1000,42
dialseg711,texttiling,91,0.21358121609567993,0.7571008814887366,coverage,0.8979301816327132,0.891440935900324,0.9045685053148133,711,1000,42
dialseg711,texttiling,92,0.217255616083217,0.7399608227228207,wf1,0.47962608390754324,0.4580360540840808,0.5006448683552184,711,1000,42
dialseg711,texttiling,92,0.217255616083217,0.7399608227228207,wf1_1to1,0.47933717321902974,0.457335158395285,0.5010464246645681,711,1000,42
dialseg711,texttiling,92,0.217255616083217,0.7399608227228207,coverage,0.9005221044778007,0.893963629475892,0.9069134334225318,711,1000,42
dialseg711,texttiling,93,0.22056032919404497,0.7247796278158668,wf1,0.47334385230885606,0.4520682344667824,0.4949335078616538,711,1000,42
dialseg711,texttiling,93,0.22056032919404497,0.7247796278158668,wf1_1to1,0.4730549416203425,0.45152721965485676,0.49511293617306273,711,1000,42
dialseg711,texttiling,93,0.22056032919404497,0.7247796278158668,coverage,0.9026064398954694,0.8961486380473722,0.9088467271418221,711,1000,42
dialseg711,texttiling,94,0.22503059451004978,0.7076395690499511,wf1,0.46830131020997234,0.4463974675664921,0.48966830918959237,711,1000,42
dialseg711,texttiling,94,0.22503059451004978,0.7076395690499511,wf1_1to1,0.46804523028151723,0.4461389335387225,0.49037849105887077,711,1000,42
dialseg711,texttiling,94,0.22503059451004978,0.7076395690499511,coverage,0.9052918483298229,0.8989713881650855,0.9116316471366576,711,1000,42
dialseg711,texttiling,95,0.22877044182027403,0.6919686581782566,wf1,0.4616161138623288,0.4399666144000966,0.48317548468051075,711,1000,42
dialseg711,texttiling,95,0.22877044182027403,0.6919686581782566,wf1_1to1,0.46181546223740316,0.4402445973701248,0.48340653115442145,711,1000,42
dialseg711,texttiling,95,0.22877044182027403,0.6919686581782566,coverage,0.9073675074729927,0.9011479161222039,0.913616928103347,711,1000,42
dialseg711,texttiling,96,0.232657465353683,0.6753183153770813,wf1,0.4575853501269237,0.43552219786179824,0.4791107509576733,711,1000,42
dialseg711,texttiling,96,0.232657465353683,0.6753183153770813,wf1_1to1,0.4579722278034514,0.4359312001875293,0.47933904293081503,711,1000,42
dialseg711,texttiling,96,0.232657465353683,0.6753183153770813,coverage,0.9105493789301805,0.9043202259189865,0.9167754548009032,711,1000,42
dialseg711,texttiling,97,0.23676042326131655,0.6571988246816847,wf1,0.44916550774083663,0.4266485949747925,0.4711303220303592,711,1000,42
dialseg711,texttiling,97,0.23676042326131655,0.6571988246816847,wf1_1to1,0.44892728774585317,0.4266677271002166,0.4714565891992052,711,1000,42
dialseg711,texttiling,97,0.23676042326131655,0.6571988246816847,coverage,0.9127137796177882,0.906488205594218,0.9187585817741409,711,1000,42
dialseg711,texttiling,98,0.2393061300018924,0.6385896180215475,wf1,0.43881121131059087,0.4165148982706069,0.461052541035167,711,1000,42
dialseg711,texttiling,98,0.2393061300018924,0.6385896180215475,wf1_1to1,0.4385729913156074,0.4165687998124707,0.460906335811399,711,1000,42
dialseg711,texttiling,98,0.2393061300018924,0.6385896180215475,coverage,0.9151681251628508,0.9088309416058624,0.9213606044242911,711,1000,42
dialseg711,texttiling,99,0.2434660916651915,0.6219392752203722,wf1,0.43184360476492517,0.4093298929979869,0.45395798614804567,711,1000,42
dialseg711,texttiling,99,0.2434660916651915,0.6219392752203722,wf1_1to1,0.43174156676266384,0.40903129395218,0.4536633235103699,711,1000,42
dialseg711,texttiling,99,0.2434660916651915,0.6219392752203722,coverage,0.9183343564936393,0.9120308052336006,0.9242279273166667,711,1000,42
dialseg711,texttiling,100,0.2487472655186102,0.6052889324191969,wf1,0.4250925499126045,0.40311760240898986,0.44635871249578124,711,1000,42
dialseg711,texttiling,100,0.2487472655186102,0.6052889324191969,wf1_1to1,0.42499051191034315,0.40274403924720387,0.4461550353849932,711,1000,42
dialseg711,texttiling,100,0.2487472655186102,0.6052889324191969,coverage,0.921219572933708,0.9151168091021731,0.9272536676920907,711,1000,42
dialseg711,texttiling,101,0.2542638521098612,0.5881488736532811,wf1,0.41283682718281883,0.39038217467014935,0.4342892583662626,711,1000,42
dialseg711,texttiling,101,0.2542638521098612,0.5881488736532811,wf1_1to1,0.41277431741566767,0.39037740271917487,0.43414886254548696,711,1000,42
dialseg711,texttiling,101,0.2542638521098612,0.5881488736532811,coverage,0.9231607244529185,0.9171528525925942,0.929210101778008,711,1000,42
dialseg711,texttiling,102,0.2582190005323995,0.5690499510284035,wf1,0.40319916058312677,0.38018660839863366,0.4243491170495389,711,1000,42
dialseg711,texttiling,102,0.2582190005323995,0.5690499510284035,wf1_1to1,0.40313665081597577,0.3799497689371107,0.4236282454847855,711,1000,42
dialseg711,texttiling,102,0.2582190005323995,0.5690499510284035,coverage,0.9258250637470048,0.9198011786863316,0.9316698733365399,711,1000,42
dialseg711,texttiling,103,0.2621029167618584,0.5504407443682664,wf1,0.39484294421003285,0.37199802424485967,0.415721736655281,711,1000,42
dialseg711,texttiling,103,0.2621029167618584,0.5504407443682664,wf1_1to1,0.3949367088607595,0.37189345991561173,0.4157689538543969,711,1000,42
dialseg711,texttiling,103,0.2621029167618584,0.5504407443682664,coverage,0.9282111026573052,0.9225738187328376,0.93417315594333,711,1000,42
dialseg711,texttiling,104,0.26663995567877696,0.5323212536728698,wf1,0.3805750898577902,0.35796726050945454,0.40099867724867727,711,1000,42
dialseg711,texttiling,104,0.26663995567877696,0.5323212536728698,wf1_1to1,0.38066104078762314,0.35778882861161343,0.40080888754939387,711,1000,42
dialseg711,texttiling,104,0.26663995567877696,0.5323212536728698,coverage,0.9299535624166425,0.9239729564709788,0.9357017452191503,711,1000,42
dialseg711,texttiling,105,0.27076616389068525,0.5146914789422136,wf1,0.37089054093273505,0.3474854608979081,0.39189580403188,711,1000,42
dialseg711,texttiling,105,0.27076616389068525,0.5146914789422136,wf1_1to1,0.3709764918625678,0.34780749782332054,0.3916919496349876,711,1000,42
dialseg711,texttiling,105,0.27076616389068525,0.5146914789422136,coverage,0.9324154426211388,0.9268185179360021,0.9383222272970427,711,1000,42
dialseg711,texttiling,106,0.27409953073640564,0.4970617042115573,wf1,0.36250195343022346,0.3397036646350992,0.3833414261156877,711,1000,42
dialseg711,texttiling,106,0.27409953073640564,0.4970617042115573,wf1_1to1,0.3621659634317862,0.3394199149420668,0.38272637465675435,711,1000,42
dialseg711,texttiling,106,0.27409953073640564,0.4970617042115573,coverage,0.9353042868601941,0.929696209571605,0.9407559809847521,711,1000,42
dialseg711,texttiling,107,0.27862207613997725,0.4789422135161606,wf1,0.3518953854396893,0.32871475453753934,0.37279812135824797,711,1000,42
dialseg711,texttiling,107,0.27862207613997725,0.4789422135161606,wf1_1to1,0.3519891500904159,0.32908746902417785,0.37277585225370036,711,1000,42
dialseg711,texttiling,107,0.27862207613997725,0.4789422135161606,coverage,0.9380258337536818,0.9326634022183864,0.9431362149288046,711,1000,42
dialseg711,texttiling,108,0.28286643783051757,0.45886385896180215,wf1,0.33866117473712415,0.3161617607661911,0.3600961087669948,711,1000,42
dialseg711,texttiling,108,0.28286643783051757,0.45886385896180215,wf1_1to1,0.3387549393878508,0.3159522135155046,0.3606673196704842,711,1000,42
dialseg711,texttiling,108,0.28286643783051757,0.45886385896180215,coverage,0.9402513489011379,0.9350393344934484,0.9453294918181521,711,1000,42
dialseg711,texttiling,109,0.2885915538174423,0.4407443682664055,wf1,0.3296095372044739,0.3069875594400911,0.35161409148750916,711,1000,42
dialseg711,texttiling,109,0.2885915538174423,0.4407443682664055,wf1_1to1,0.3297033018552006,0.30694821177416115,0.35180245797334403,711,1000,42
dialseg711,texttiling,109,0.2885915538174423,0.4407443682664055,coverage,0.9431016826586447,0.9379769433079032,0.9484308692655212,711,1000,42
dialseg711,texttiling,110,0.29348620113415946,0.4240940254652302,wf1,0.32061147947223895,0.2983805505324493,0.34305329515772554,711,1000,42
dialseg711,texttiling,110,0.29348620113415946,0.4240940254652302,wf1_1to1,0.3207052441229656,0.29837929475587704,0.3430500301386377,711,1000,42
dialseg711,texttiling,110,0.29348620113415946,0.4240940254652302,coverage,0.9455044779411869,0.9402328433209235,0.9507789141287295,711,1000,42
dialseg711,texttiling,111,0.30028123562060427,0.4040156709108717,wf1,0.3091085660705914,0.2865818598888219,0.3319433561047485,711,1000,42
dialseg711,texttiling,111,0.30028123562060427,0.4040156709108717,wf1_1to1,0.3092023307213181,0.2865034994307146,0.3319374120956399,711,1000,42
dialseg711,texttiling,111,0.30028123562060427,0.4040156709108717,coverage,0.9484695059589575,0.9436234564095851,0.9534892990272736,711,1000,42
dialseg711,texttiling,112,0.30508390832785987,0.3834476003917728,wf1,0.3004520795660036,0.27773951845154377,0.3235340064295761,711,1000,42
dialseg711,texttiling,112,0.30508390832785987,0.3834476003917728,wf1_1to1,0.3005458442167303,0.2777418625678119,0.3235217835376063,711,1000,42
dialseg711,texttiling,112,0.30508390832785987,0.3834476003917728,coverage,0.9517543637796803,0.9469832853601313,0.9567501204599042,711,1000,42
dialseg711,texttiling,113,0.3115788491527039,0.3643486777668952,wf1,0.28642086933226174,0.2637513394950104,0.3099901212242984,711,1000,42
dialseg711,texttiling,113,0.3115788491527039,0.3643486777668952,wf1_1to1,0.2865146339829884,0.2639006094702297,0.30980594066037104,711,1000,42
dialseg711,texttiling,113,0.3115788491527039,0.3643486777668952,coverage,0.9542202903753538,0.9494579812914464,0.9590125801491834,711,1000,42
dialseg711,texttiling,114,0.31829222332892104,0.3428011753183154,wf1,0.2743855066639877,0.25134711338825266,0.2972568816556158,711,1000,42
dialseg711,texttiling,114,0.31829222332892104,0.3428011753183154,wf1_1to1,0.2741979773625343,0.2510640613488715,0.2970693523541625,711,1000,42
dialseg711,texttiling,114,0.31829222332892104,0.3428011753183154,coverage,0.9572655485630168,0.9528145379048596,0.9618483562899437,711,1000,42
dialseg711,texttiling,115,0.32517210937025565,0.3227228207639569,wf1,0.2603978300180832,0.2373293818230527,0.28297669278681936,711,1000,42
dialseg711,texttiling,115,0.32517210937025565,0.3227228207639569,wf1_1to1,0.2602103007166298,0.23723729154108902,0.28274814145067306,711,1000,42
dialseg711,texttiling,115,0.32517210937025565,0.3227228207639569,coverage,0.959510344320471,0.9552162884388622,0.9639800000651794,711,1000,42
dialseg711,texttiling,116,0.33152569748049404,0.30264446620959845,wf1,0.24384167168977294,0.22196587636461057,0.2647240640278615,711,1000,42
dialseg711,texttiling,116,0.33152569748049404,0.30264446620959845,wf1_1to1,0.24365414238831962,0.2218352756010984,0.2645365347264082,711,1000,42
dialseg711,texttiling,116,0.33152569748049404,0.30264446620959845,coverage,0.9615297725793506,0.9573500485196159,0.9659353160025629,711,1000,42
dialseg711,texttiling,117,0.33752494002107425,0.2820763956904995,wf1,0.23074141048824592,0.2084404929341638,0.25155180496952645,711,1000,42
dialseg711,texttiling,117,0.33752494002107425,0.2820763956904995,wf1_1to1,0.23055388118679254,0.20838456901748045,0.25151128524546246,711,1000,42
dialseg711,texttiling,117,0.33752494002107425,0.2820763956904995,coverage,0.96413762729691,0.9601055781468492,0.9682150321792993,711,1000,42
dialseg711,texttiling,118,0.34632372242122395,0.2615083251714006,wf1,0.21916147612350145,0.19737241310026118,0.23992565802692384,711,1000,42
dialseg711,texttiling,118,0.34632372242122395,0.2615083251714006,wf1_1to1,0.21916147612350145,0.19737241310026118,0.23992565802692384,711,1000,42
dialseg711,texttiling,118,0.34632372242122395,0.2615083251714006,coverage,0.9671319567680327,0.963288026095252,0.9710295109787462,711,1000,42
dialseg711,texttiling,119,0.35543586306236497,0.24094025465230168,wf1,0.19918960551871948,0.1771661308686625,0.21951141919496348,711,1000,42
dialseg711,texttiling,119,0.35543586306236497,0.24094025465230168,wf1_1to1,0.19918960551871948,0.1771661308686625,0.21951141919496348,711,1000,42
dialseg711,texttiling,119,0.35543586306236497,0.24094025465230168,coverage,0.9694769102205809,0.9655599645314835,0.9733027093384425,711,1000,42
dialseg711,texttiling,120,0.36459354329947846,0.22037218413320275,wf1,0.1852253700354966,0.16366167704775297,0.2049475922577188,711,1000,42
dialseg711,texttiling,120,0.36459354329947846,0.22037218413320275,wf1_1to1,0.1852253700354966,0.16366167704775297,0.2049475922577188,711,1000,42
dialseg711,texttiling,120,0.36459354329947846,0.22037218413320275,coverage,0.9720537130083545,0.9685449180254033,0.9757303291869485,711,1000,42
dialseg711,texttiling,121,0.38086849915322296,0.197845249755142,wf1,0.16693456566874287,0.14666181099725406,0.18525316455696203,711,1000,42
dialseg711,texttiling,121,0.38086849915322296,0.197845249755142,wf1_1to1,0.16693456566874287,0.14666181099725406,0.18525316455696203,711,1000,42
dialseg711,texttiling,121,0.38086849915322296,0.197845249755142,coverage,0.9748540947644324,0.9714044381495596,0.9781564502265979,711,1000,42
dialseg711,texttiling,122,0.39347726121619747,0.17678746327130265,wf1,0.151557162949568,0.13172443238898934,0.1703340365682138,711,1000,42
dialseg711,texttiling,122,0.39347726121619747,0.17678746327130265,wf1_1to1,0.151557162949568,0.13172443238898934,0.1703340365682138,711,1000,42
dialseg711,texttiling,122,0.39347726121619747,0.17678746327130265,coverage,0.9777176839413126,0.9745309241518366,0.980799590997376,711,1000,42
dialseg711,texttiling,123,0.40549782367806936,0.15523996082272282,wf1,0.13322617373250284,0.11455495278280088,0.15118327640479537,711,1000,42
dialseg711,texttiling,123,0.40549782367806936,0.15523996082272282,wf1_1to1,0.13322617373250284,0.11455495278280088,0.15118327640479537,711,1000,42
dialseg711,texttiling,123,0.40549782367806936,0.15523996082272282,coverage,0.9804594627906864,0.9774786146713889,0.9835001727644131,711,1000,42
dialseg711,texttiling,124,0.418339102112468,0.13320274240940255,wf1,0.11228316924519458,0.09520862634786684,0.12934950773558368,711,1000,42
dialseg711,texttiling,124,0.418339102112468,0.13320274240940255,wf1_1to1,0.11228316924519458,0.09520862634786684,0.12934950773558368,711,1000,42
dialseg711,texttiling,124,0.418339102112468,0.13320274240940255,coverage,0.9825146109165096,0.9795399692314251,0.9858117146322578,711,1000,42
dialseg711,texttiling,125,0.43420527643294793,0.11116552399608227,wf1,0.0955461790904829,0.08007149554617908,0.11097515236755744,711,1000,42
dialseg711,texttiling,125,0.43420527643294793,0.11116552399608227,wf1_1to1,0.0955461790904829,0.08007149554617908,0.11097515236755744,711,1000,42
dialseg711,texttiling,125,0.43420527643294793,0.11116552399608227,coverage,0.9852660173862704,0.9824679515231993,0.9879936053261476,711,1000,42
dialseg711,texttiling,126,0.45093993924970016,0.08863858961802155,wf1,0.07454289732770746,0.06122597280825128,0.08857126113455227,711,1000,42
dialseg711,texttiling,126,0.45093993924970016,0.08863858961802155,wf1_1to1,0.07454289732770746,0.06122597280825128,0.08857126113455227,711,1000,42
dialseg711,texttiling,126,0.45093993924970016,0.08863858961802155,coverage,0.9878932415061107,0.985354716608013,0.9902567707677149,711,1000,42
dialseg711,texttiling,127,0.46997265405391325,0.06660137120470128,wf1,0.05700890764181903,0.04542662916080637,0.06906000937646506,711,1000,42
dialseg711,texttiling,127,0.46997265405391325,0.06660137120470128,wf1_1to1,0.05700890764181903,0.04542662916080637,0.06906000937646506,711,1000,42
dialseg711,texttiling,127,0.46997265405391325,0.06660137120470128,coverage,0.9908738969656691,0.9886676927249185,0.9928887016835328,711,1000,42
dialseg711,texttiling,128,0.5014760245629917,0.044564152791381,wf1,0.03745897796530708,0.028362634786685416,0.04735349273323956,711,1000,42
dialseg711,texttiling,128,0.5014760245629917,0.044564152791381,wf1_1to1,0.03745897796530708,0.028362634786685416,0.04735349273323956,711,1000,42
dialseg711,texttiling,128,0.5014760245629917,0.044564152791381,coverage,0.9933297461251047,0.9913918659672878,0.9951570456422777,711,1000,42
dialseg711,texttiling,129,0.551745987417711,0.022526934378060724,wf1,0.020956399437412093,0.013688466947960618,0.029302625410220343,711,1000,42
dialseg711,texttiling,129,0.551745987417711,0.022526934378060724,wf1_1to1,0.020956399437412093,0.013688466947960618,0.029302625410220343,711,1000,42
dialseg711,texttiling,129,0.551745987417711,0.022526934378060724,coverage,0.9970558381687072,0.9956380879824971,0.9982833115665395,711,1000,42
dialseg711,texttiling,130,0.6816352009773254,0.0004897159647404506,wf1,0.0,0.0,0.0,711,1000,42
dialseg711,texttiling,130,0.6816352009773254,0.0004897159647404506,wf1_1to1,0.0,0.0,0.0,711,1000,42
dialseg711,texttiling,130,0.6816352009773254,0.0004897159647404506,coverage,0.9998995378742215,0.9996986136226642,1.0,711,1000,42
